{
  "metadata": {
    "schemaVersion": "1.0",
    "importType": "LEX",
    "importFormat": "JSON"
  },
  "resource": {
    "name": "riskLevel",
    "version": "1",
    "enumerationValues": [
      {
        "value": "High",
        "synonyms": [
          "High"
        ]
      },
      {
        "value": "Very Low",
        "synonyms": [
          "Very Low"
        ]
      },
      {
        "value": "Very Low or Low",
        "synonyms": [
          "Just a bit of risk"
        ]
      },
      {
        "value": "Low",
        "synonyms": [
          "Low"
        ]
      },
      {
        "value": "Medium",
        "synonyms": [
          "Let's start becoming wild",
          "Medium"
        ]
      },
      {
        "value": "Very High",
        "synonyms": [
          "Very High"
        ]
      },
      {
        "value": "None",
        "synonyms": [
          "None",
          "No risk at all"
        ]
      },
      {
        "value": "High or Very High",
        "synonyms": [
          "I have no fear!"
        ]
      }
    ],
    "valueSelectionStrategy": "TOP_RESOLUTION"
  }
}